custId,firstName,lastName,email,phone
1,Alejandra,Terry,kaitlin06@hotmail.com,+1-415-139-1794x07330
2,Daryl,Castro,wrightjeffrey@lopez.com,(724)004-8482
3,Lisa,Hines,chapmanryan@gmail.com,480-635-1147x02408
4,Jesse,Shelton,williamsmith@thompson.com,001-058-814-8686
5,Rachel,Fletcher,brucemiller@adams.info,725-038-4830
6,Samantha,Cain,frances05@gmail.com,2743673833
7,Caleb,Mitchell,daviesthomas@hotmail.com,001-568-678-0763x194
8,Julie,Sims,martinezjames@cain.com,+1-500-226-2396x106
9,Scott,Dominguez,samuelrice@yahoo.com,736.481.3421x34174
10,Susan,Jones,corysmith@gmail.com,932-390-9960x06790
11,Gerald,Hernandez,erica56@gmail.com,+1-486-967-6080x185
12,Henry,Gonzales,jennifer96@hotmail.com,001-577-350-5897
13,Christine,Briggs,dominguezjody@nichols.com,125-392-8751x80019
14,William,Thompson,cdunn@gmail.com,614.519.0596x53185
15,Heidi,Jones,adrienne13@hotmail.com,+1-986-962-2547x8900
16,Kyle,Taylor,stacey52@hotmail.com,001-470-528-6151x9064
17,Andrew,Ball,delgadorhonda@lopez-friedman.org,001-697-418-3669x66293
18,Mary,Oneill,katherine45@hotmail.com,2765182317
19,Travis,Murray,zfoley@yahoo.com,+1-480-706-8159x710
20,Jennifer,Hicks,tyler92@edwards.com,973-930-3574x0541
21,Sharon,Guerra,bradleyjoseph@yahoo.com,(004)230-4526x67311
22,Joseph,Walker,karen91@gmail.com,2542798323
23,Frank,Hayes,mbrown@pineda-sullivan.com,001-031-943-1037x64051
24,Veronica,Richardson,robyn25@gmail.com,461-156-7178x581
25,Aaron,Johnson,marknelson@hall-griffin.biz,2978865475
26,Kelli,Munoz,christine14@jenkins.biz,797-008-4068x1838
27,Jessica,Hodges,haynessteven@gmail.com,+1-412-696-6702x004
28,James,Acosta,wwhitehead@gmail.com,+1-462-439-2664x219
29,Michael,Jenkins,leoncheryl@burns.com,001-395-645-0493x2258
30,Sarah,Patel,eortiz@hayden.com,173.747.1733x03930
31,Jeremy,Howard,hilljames@hotmail.com,553.132.6328x410
32,Sherri,Lopez,brandymoyer@hotmail.com,931.253.6748x63676
33,Gregory,Lopez,pjones@hotmail.com,973.652.1097x399
34,Brianna,Flores,youngjacob@campbell-montgomery.com,+1-668-844-6880
35,Lorraine,Brown,jorge98@bates.net,994.156.2016x66530
36,Alexandra,Mendoza,rgibson@smith-hernandez.com,588-403-7974
37,Janet,Nicholson,chad03@gmail.com,2607186309
38,Kathryn,Bird,felicia59@hotmail.com,066-883-5413
39,Karen,Maddox,morgangarcia@johnson.info,020.195.5846x25966
40,Brandy,Meyer,julian39@yahoo.com,488-182-1577x3306
41,Paul,Thompson,timothy13@yahoo.com,+1-685-473-2166x2023
42,Rebecca,Smith,pdavis@yahoo.com,001-853-444-0519x6218
43,Maria,Preston,lwright@gmail.com,749.192.9904x94775
44,Amy,Beck,quinndavid@ware.com,001-580-527-3997x683
45,Brian,Pearson,gibbsshannon@hotmail.com,001-463-634-6281x010
46,Oscar,Horne,qgraves@willis.biz,7832319665
47,Michael,Flores,michaelfuller@yahoo.com,001-482-418-6528x4442
48,Antonio,Adkins,paul15@gmail.com,+1-171-376-9057x5565
49,Lori,Hoffman,pinedalaura@willis.info,634-621-4562
50,Daniel,Rich,kristindavis@hotmail.com,(391)302-8006
51,Vicki,Bruce,promero@jordan.org,+1-805-432-8954x011
52,Christina,Morton,williamscynthia@yahoo.com,422.987.9504
53,Tina,Potts,kimberlyjones@hotmail.com,275-653-5347
54,Hannah,Collier,laurenkelly@yahoo.com,(926)800-3935
55,Randy,Lopez,norriswesley@evans.com,099-809-6279
56,Joseph,Glover,camachofrank@taylor-harris.com,656-878-4473
57,Jennifer,Williams,lelori@gmail.com,001-960-814-3826x568
58,Erin,Valentine,mkelly@yahoo.com,575-294-4147x615
59,Matthew,Santana,april19@johnson-perkins.com,+1-071-616-9665x999
60,Kathy,Smith,daniel38@douglas-george.biz,+1-683-245-8329x2521
61,Debra,Wade,martinjesse@bell.info,+1-726-237-4672x21202
62,Luke,Perez,darren64@collier-farrell.com,001-391-475-9060x621
63,Brandy,Jones,kelseywilliams@snyder.net,644.707.7706x51205
64,Carolyn,Simmons,donaldkaiser@hotmail.com,433-929-3068x399
65,Kyle,Robinson,christopherbaker@anderson.net,(547)519-3334
66,James,Harris,jillian30@gmail.com,215-937-5531x015
67,Edward,Lopez,dorothyramirez@gmail.com,001-859-074-8869
68,Patricia,Ramirez,vjohnson@yahoo.com,+1-894-515-7043x24791
69,James,Cooper,toddsmith@gmail.com,723.515.3027x815
70,Kim,Hensley,andrea12@yahoo.com,0264137108
71,Carol,Acevedo,brendahernandez@hotmail.com,+1-507-171-2766x892
72,Ashley,Williams,blairjared@gmail.com,001-169-106-6293x6590
73,Christina,Luna,susan03@johnson-flynn.biz,+1-437-437-0851x32293
74,Susan,Harrington,lortiz@hotmail.com,001-749-235-2245x194
75,Rebekah,Gomez,ngonzalez@miller.com,747.837.8347x5285
76,Kayla,Lozano,charlesmoore@rhodes.com,001-651-931-5382x77468
77,Kimberly,Booth,sandra26@hotmail.com,+1-528-108-4289x082
78,Theresa,Weaver,toddemily@gibbs.org,001-877-047-9505
79,Makayla,Johnson,millerbrian@branch-dudley.com,(614)976-5939x07339
80,Michele,Underwood,daniellecrawford@marshall.info,001-792-638-6355
81,Caitlin,Hughes,bradleydavid@villarreal.biz,(153)104-3605x278
82,Ronald,House,donna67@martinez-peterson.biz,(392)139-7506
83,Mary,Larsen,ashley44@schroeder.com,514.580.4753
84,Angela,Doyle,joshua59@yahoo.com,781-562-0534x56554
85,Patrick,Stark,pattonkayla@yahoo.com,001-996-541-3589x80070
86,Karen,Collins,amydavis@hotmail.com,945.497.4699
87,Christopher,Benson,meadowslauren@rowland.biz,+1-209-736-2033x9840
88,Kathryn,Brooks,jonesrachel@delacruz.biz,+1-628-384-1800x1010
89,Denise,King,thomas76@jordan.com,332-942-5354
90,Lawrence,Hernandez,farleycarlos@jones.com,708.801.3601
91,William,Price,kathrynpruitt@guerrero.com,334.645.2258x0686
92,David,Smith,fcantrell@young.com,+1-389-325-7489x1225
93,James,Foster,warnerjessica@yahoo.com,+1-473-815-2544x7820
94,Patricia,Sanchez,nicoleknight@gmail.com,+1-418-172-0423x2136
95,Robert,Holland,ericwolf@yahoo.com,8475585290
96,Timothy,Hughes,amywallace@yahoo.com,810-332-8661x516
97,Robin,Humphrey,ereynolds@gmail.com,822.937.1881
98,Brittney,Murphy,cordovajames@torres.net,395-105-9664x1912
99,Amanda,Clayton,darlene00@gmail.com,001-833-462-2713
100,Melissa,Brooks,jacobgibson@gmail.com,1188892215
